playerID,yearID,teamID,AB,H,BB,HBP,SF
abadfe01,2021,BAL,0,0,0,0,0
abbotco01,2021,CHN,3,1,0,0,0
abreual01,2021,NYA,0,0,0,0,0
abreubr01,2021,HOU,0,0,0,0,0
abreujo02,2021,CHA,566,148,61,22,10
acevedo01,2021,OAK,0,0,0,0,0
acunaro01,2021,ATL,297,84,49,9,5
adamewi01,2021,TBA,132,26,10,0,0
adamewi01,2021,MIL,365,104,47,0,1
adamja01,2021,CHN,0,0,0,0,0
adamsau02,2021,SDN,0,0,0,0,0
adamsma01,2021,COL,36,6,4,0,0
adamsri03,2021,TOR,28,3,2,0,0
adamsri03,2021,WAS,71,19,13,6,0
adelljo01,2021,LAA,130,32,8,1,0
adonjo01,2021,WAS,2,0,0,0,0
adriaeh01,2021,ATL,182,45,21,2,3
aguilje01,2021,MIA,449,117,46,3,7
aguilmi01,2021,ARI,0,0,0,0,0
ahmedni01,2021,ARI,434,96,34,2,1
akinke01,2021,BAL,2,0,0,0,0
akiyash01,2021,CIN,162,33,14,4,1
alanirj01,2021,CIN,1,0,0,0,0
alberan01,2021,MIN,0,0,0,0,0
alberha01,2021,KCA,241,65,4,4,2
albieoz01,2021,ATL,629,163,47,3,7
alcaljo01,2021,MIN,0,0,0,0,0
alcansa01,2021,MIA,58,2,3,1,0
alcanse01,2021,CHN,220,45,30,2,2
alexasc01,2021,LAN,0,0,0,0,0
alexaty01,2021,DET,2,0,0,0,0
alexyaj01,2021,TEX,0,0,0,0,0
alfarjo01,2021,MIA,295,72,11,5,0
alforan01,2021,PIT,133,31,12,3,0
allarko01,2021,TEX,2,0,0,0,0
allenau01,2021,OAK,8,2,0,0,0
allengr01,2021,NYA,37,10,5,5,1
allenlo01,2021,CLE,1,0,0,0,0
allgeni01,2021,TOR,0,0,0,0,0
almonab01,2021,ATL,148,32,26,0,1
almonye01,2021,COL,3,0,0,0,0
almoral01,2021,NYN,52,6,2,0,0
alonspe01,2021,NYN,561,147,60,12,4
altavda01,2021,SDN,0,0,0,0,0
altuvjo01,2021,HOU,601,167,66,4,6
alvared01,2021,MIA,64,12,4,6,0
alvarjo02,2021,SFN,2,0,2,0,0
alvarjo03,2021,PHI,0,0,0,0,0
alvaryo01,2021,HOU,537,149,50,8,3
alzolad01,2021,CHN,31,2,1,0,0
amburtr01,2021,NYA,4,0,0,0,0
anderbr04,2021,MIL,28,0,4,0,0
anderbr06,2021,MIA,233,58,26,5,0
anderch01,2021,PHI,11,0,0,0,0
anderdr02,2021,TEX,0,0,0,0,0
anderia01,2021,ATL,37,2,1,0,0
anderni01,2021,TBA,0,0,0,0,0
andersh01,2021,MIN,0,0,0,0,0
andersh01,2021,BAL,0,0,0,0,0
andersh01,2021,SDN,0,0,0,0,0
anderta01,2021,PIT,2,0,0,0,0
anderti01,2021,CHA,527,163,22,1,1
anderty01,2021,PIT,37,4,0,0,0
anderty01,2021,SEA,2,0,1,0,0
andrejo03,2021,SDN,6,1,1,0,0
andrima01,2021,BOS,0,0,0,0,0
andrima01,2021,SEA,0,0,0,0,0
andruel01,2021,OAK,497,121,31,6,4
andujmi01,2021,NYA,154,39,7,0,1
antonte01,2021,CIN,3,0,1,0,0
aquinar01,2021,CIN,174,33,27,1,2
arauzjo01,2021,BOS,65,12,8,0,0
archech01,2021,TBA,0,0,0,0,0
arciaor01,2021,MIL,11,1,0,0,0
arciaor01,2021,ATL,70,15,7,0,1
arenano01,2021,SLN,593,151,50,3,7
arihako01,2021,TEX,2,0,0,0,0
armstsh01,2021,BAL,0,0,0,0,0
armstsh01,2021,TBA,0,0,0,0,0
arozara01,2021,TBA,529,145,56,14,5
arraelu01,2021,MIN,428,126,43,2,6
arrieja01,2021,CHN,21,2,2,1,0
arrieja01,2021,SDN,2,1,0,0,0
arroych01,2021,BOS,164,43,8,7,0
arteahu01,2021,WAS,3,0,0,0,1
ashbyaa01,2021,MIL,2,0,1,0,0
astudwi01,2021,MIN,208,49,3,4,1
avilaal01,2021,WAS,89,17,19,2,0
avilalu01,2021,WAS,0,0,0,0,0
avilape01,2021,SDN,1,0,0,0,0
axforjo01,2021,MIL,0,0,0,0,0
baddoak01,2021,DET,413,107,45,0,3
baderha01,2021,SLN,367,98,27,5,2
baezja01,2021,CHN,335,83,15,7,3
baezja01,2021,NYN,167,50,13,6,0
baezpe01,2021,HOU,0,0,0,0,0
bakerbr01,2021,TOR,0,0,0,0,0
baldoal01,2021,WAS,0,0,0,0,0
bandaan01,2021,NYN,1,0,0,0,0
bandaan01,2021,PIT,0,0,0,0,0
baragca01,2021,SFN,2,0,0,0,0
bardda01,2021,COL,1,1,0,0,0
barlojo01,2021,TEX,0,0,0,0,0
barlosc01,2021,KCA,0,0,0,0,0
barneau01,2021,LAN,200,43,20,4,0
barnech01,2021,MIN,1,0,0,0,0
barneja01,2021,NYN,0,0,0,0,0
barneja01,2021,TOR,0,0,0,0,0
barnema01,2021,BOS,0,0,0,0,0
barnhtu01,2021,CIN,348,86,29,8,3
barraky01,2021,MIN,0,0,0,0,0
barrelu01,2021,OAK,8,2,0,0,0
barrema03,2021,BAL,0,0,0,0,0
barretr01,2021,WAS,91,24,12,4,0
barrija01,2021,LAA,3,0,0,0,0
bartjo01,2021,SFN,6,2,0,0,0
bassan01,2021,MIA,0,0,0,0,0
bassich01,2021,OAK,2,0,0,0,0
bauerja01,2021,CLE,100,19,12,0,0
bauerja01,2021,SEA,182,40,18,2,0
bauertr01,2021,LAN,30,1,1,0,0
baumami01,2021,BAL,0,0,0,0,0
bazared01,2021,BOS,0,0,0,0,0
bazsh01,2021,TBA,0,0,0,0,0
beaslje01,2021,TOR,0,0,0,0,0
beatyma01,2021,LAN,204,55,20,10,0
bednada01,2021,PIT,1,0,0,0,0
bedroca01,2021,CIN,0,0,0,0,0
bedroca01,2021,OAK,0,0,0,0,0
bedroca01,2021,PHI,0,0,0,0,0
beedety01,2021,SFN,0,0,0,0,0
beerse01,2021,ARI,9,4,1,0,0
bellaan01,2021,MIA,0,0,0,0,0
bellico01,2021,LAN,315,52,31,1,3
belljo02,2021,WAS,498,130,65,2,3
beltbr01,2021,SFN,325,89,48,7,1
bemboan01,2021,LAA,27,6,1,0,0
bendean01,2021,MIA,2,0,0,0,0
beninan01,2021,KCA,493,136,36,2,6
benjawe01,2021,TEX,0,0,0,0,0
bergetr01,2021,TOR,0,0,0,0,0
berrijo01,2021,MIN,2,0,0,0,0
berrijo01,2021,TOR,1,0,0,0,0
bertijo01,2021,MIA,233,49,32,3,2
betande01,2021,NYN,0,0,0,0,0
bettial01,2021,MIL,1,0,0,0,0
bettsmo01,2021,LAN,466,123,68,11,5
biagijo01,2021,CHN,0,0,0,0,0
bichebo01,2021,TOR,640,191,40,6,4
bickfph01,2021,MIL,0,0,0,0,0
bickfph01,2021,LAN,3,1,0,0,0
biddlje01,2021,ATL,0,0,0,0,0
biebesh01,2021,CLE,6,0,0,0,0
bielabr01,2021,HOU,0,0,0,0,0
biggica01,2021,TOR,250,56,37,1,4
bishobr01,2021,SEA,4,1,0,0,0
blackch02,2021,COL,514,139,54,11,3
blackpa01,2021,OAK,0,0,0,0,0
blandal01,2021,CIN,70,14,8,4,0
blanktr01,2021,MIN,0,0,0,0,0
blanktr01,2021,NYN,23,4,1,0,0
bleieri01,2021,MIA,0,0,0,0,0
blewesc01,2021,KCA,0,0,0,0,0
bogaexa01,2021,BOS,529,156,62,5,7
bohmal01,2021,PHI,380,94,31,2,4
bolanro01,2021,KCA,0,0,0,0,0
boltsk01,2021,SFN,1,0,0,0,0
boltsk01,2021,OAK,56,5,1,0,0
bonifjo01,2021,PHI,11,1,1,0,0
borucry01,2021,TOR,0,0,0,0,0
bostiak01,2021,NYN,0,0,0,0,0
boteda01,2021,CHN,291,58,27,5,3
bowdebe01,2021,COL,0,0,0,0,0
boxbebr01,2021,MIL,0,0,0,0,0
boydma01,2021,DET,3,1,1,0,0
brachbr01,2021,CIN,0,0,0,0,0
bradlar01,2021,PHI,1,0,0,0,0
bradlbo01,2021,CLE,245,51,25,6,3
bradlja02,2021,MIL,387,63,28,10,3
brantmi02,2021,HOU,469,146,33,5,1
brantro01,2021,NYA,20,3,0,1,0
brasiry01,2021,BOS,0,0,0,0,0
braulst01,2021,PIT,6,1,0,0,0
brebbjo01,2021,SFN,1,0,0,0,0
bregmal01,2021,HOU,348,94,44,4,4
brennbr01,2021,BOS,0,0,0,0,0
brentja01,2021,KCA,0,0,1,0,0
breweco01,2021,BOS,0,0,0,0,0
briceau01,2021,BOS,0,0,0,0,0
brinsle01,2021,MIA,274,62,13,1,1
brittza01,2021,NYA,0,0,0,0,0
brogdco01,2021,PHI,0,0,0,0,0
brossmi01,2021,TBA,150,28,15,2,2
brothre01,2021,CHN,2,0,0,0,0
brownse01,2021,OAK,281,60,23,1,2
brubajt01,2021,PIT,38,3,4,0,0
bruceja01,2021,NYA,34,4,5,0,0
bruihju01,2021,LAN,0,0,1,0,0
brujavi01,2021,TBA,26,2,0,0,0
bryankr01,2021,CHN,326,87,39,8,1
bryankr01,2021,SFN,187,49,23,1,1
bubickr01,2021,KCA,5,0,0,0,0
buchtry01,2021,ARI,0,0,0,0,0
buehlwa01,2021,LAN,69,7,5,0,0
bukaujb01,2021,ARI,0,0,0,0,0
bumgama01,2021,ARI,39,4,9,1,1
bummeaa01,2021,CHA,0,0,0,0,0
bundydy01,2021,LAA,4,1,0,0,0
burdiza01,2021,CHA,0,0,0,0,0
burdiza01,2021,BAL,0,0,0,0,0
burgeja01,2021,CHA,38,10,4,0,0
burneco01,2021,MIL,52,8,3,0,0
burnsan01,2021,LAN,11,3,3,1,0
burrobe01,2021,DET,0,0,0,0,0
burrobe01,2021,MIN,0,0,0,0,0
burrry01,2021,CHA,0,0,0,0,0
bushma01,2021,TEX,0,0,0,0,0
buterdr01,2021,LAA,32,3,0,0,1
buxtoby01,2021,MIN,235,72,13,6,0
cabreas01,2021,ARI,283,69,33,2,3
cabreas01,2021,CIN,26,2,3,1,1
cabreed02,2021,MIA,7,1,0,0,0
cabrege01,2021,SLN,0,0,0,0,0
cabremi01,2021,DET,472,121,40,5,9
cahiltr01,2021,PIT,9,1,0,0,0
cainlo01,2021,MIL,257,66,26,2,1
calhoko01,2021,ARI,166,39,15,0,1
calhowi01,2021,TEX,260,65,21,2,1
camarda01,2021,SDN,3,1,0,0,0
camarjo01,2021,ATL,16,0,2,0,0
camerda01,2021,DET,103,20,10,2,0
campber01,2021,SEA,11,3,1,0,0
campbpa02,2021,MIA,5,0,0,0,0
campulu01,2021,SDN,34,3,4,0,0
candeje01,2021,DET,557,151,65,4,0
canhama01,2021,OAK,519,120,77,27,2
cannigr01,2021,LAA,0,0,0,0,0
caratvi01,2021,SDN,313,71,35,4,4
carlsdy01,2021,SLN,542,144,57,11,8
carltdr01,2021,DET,0,0,0,0,0
carpema01,2021,SLN,207,35,35,6,1
carraca01,2021,NYN,15,0,0,0,0
casalcu01,2021,SFN,200,42,26,4,0
castada01,2021,MIA,4,0,0,0,0
castehu01,2021,ARI,6,3,0,0,1
casteni01,2021,CIN,531,164,41,7,6
castery01,2021,COL,1,0,0,0,0
castidi01,2021,TBA,0,0,0,0,0
castidi01,2021,SEA,0,0,0,0,0
castier01,2021,CHN,8,2,1,0,0
castiiv01,2021,SDN,3,1,1,0,0
castilu02,2021,CIN,49,8,1,0,0
castran02,2021,TOR,0,0,0,0,0
castrha01,2021,DET,315,89,14,1,5
castrja01,2021,HOU,149,35,25,3,0
castrke01,2021,SFN,0,0,0,0,0
castrmi01,2021,NYN,0,0,0,0,0
castrro01,2021,PIT,86,17,6,1,0
castrst01,2021,WAS,315,89,26,0,4
castrwi01,2021,DET,413,91,23,8,3
caveja01,2021,MIN,164,31,10,3,0
ceasedy01,2021,CHA,8,3,0,0,0
celesgi01,2021,MIN,59,8,3,0,0
cessalu01,2021,NYA,0,0,0,0,0
cessalu01,2021,CIN,0,0,0,0,0
chacijh01,2021,COL,6,0,0,0,0
chafian01,2021,CHN,0,0,0,0,0
chafian01,2021,OAK,0,0,0,0,0
changyu01,2021,CLE,237,54,11,2,1
chapmar01,2021,NYA,0,0,0,0,0
chapmma01,2021,OAK,529,111,80,4,9
chargjt01,2021,SEA,0,0,0,0,0
chargjt01,2021,TBA,0,0,0,0,0
chatwty01,2021,TOR,0,0,0,0,0
chatwty01,2021,SFN,1,0,0,0,0
chaveje01,2021,ATL,3,0,0,0,0
chavimi01,2021,BOS,79,15,1,1,1
chavimi01,2021,PIT,42,15,0,0,0
chiriro01,2021,CHN,97,22,9,5,0
chishja01,2021,MIA,464,115,34,4,3
choiji01,2021,TBA,258,59,45,2,0
cimbead01,2021,MIA,2,0,0,0,0
cimbead01,2021,TOR,0,0,0,0,0
cishest01,2021,LAA,0,0,0,0,0
cisnejo01,2021,DET,0,0,0,0,0
ciuffni01,2021,BAL,5,1,1,0,0
civalaa01,2021,CLE,1,0,1,0,0
clarkta01,2021,ARI,3,1,0,0,0
claseem01,2021,CLE,0,0,0,0,0
claudal01,2021,LAA,0,0,0,0,0
claysa01,2021,WAS,2,0,0,0,0
cleavga01,2021,LAN,2,1,0,0,0
clemeer01,2021,CLE,121,28,7,2,0
clippty01,2021,ARI,0,0,0,0,0
cobbal01,2021,LAA,1,0,0,0,0
codyky01,2021,TEX,0,0,0,0,0
coleaj01,2021,TOR,0,0,0,0,0
colege01,2021,NYA,0,0,0,0,0
colemdy01,2021,KCA,0,0,0,0,0
colliza01,2021,CHA,195,41,34,1,0
colomal01,2021,MIN,0,0,0,0,0
confomi01,2021,NYN,406,94,59,12,2
conlead01,2021,TBA,0,0,0,0,0
contrro01,2021,PIT,0,0,0,0,0
contrwi01,2021,CHN,413,98,52,14,4
contrwi02,2021,ATL,163,35,19,2,1
coonrsa01,2021,PHI,1,0,0,0,0
coopega03,2021,MIA,215,61,30,4,1
corbipa01,2021,WAS,53,7,3,0,0
cordefr02,2021,BOS,127,24,8,0,0
correca01,2021,HOU,555,155,75,4,6
cortene01,2021,NYA,1,0,0,0,0
cottojh01,2021,TEX,0,0,0,0,0
couloda01,2021,MIN,1,0,0,0,0
cousija01,2021,MIL,0,0,0,0,0
craigwi01,2021,PIT,60,13,5,0,0
crawfbr01,2021,SFN,483,144,56,5,5
crawfjp01,2021,SEA,619,169,58,5,4
crawfku01,2021,BOS,0,0,0,0,0
crichst01,2021,ARI,0,0,0,0,0
crickky01,2021,PIT,0,0,0,0,0
crismna01,2021,SDN,10,0,0,0,0
criswco01,2021,LAA,0,0,0,0,0
crochga01,2021,CHA,0,0,0,0,0
croncj01,2021,COL,470,132,60,13,4
croneja01,2021,SDN,567,151,55,10,3
crousha01,2021,PHI,1,0,0,0,0
crowewi01,2021,PIT,35,2,1,1,0
cruzne02,2021,MIN,296,87,35,5,7
cruzne02,2021,TBA,217,49,16,2,2
cruzon01,2021,PIT,9,3,0,0,0
cuetojo01,2021,SFN,29,2,3,0,0
culbech01,2021,TEX,247,60,17,2,1
curtijo02,2021,MIA,5,0,0,0,0
curtijo02,2021,MIL,0,0,0,0,0
dahlda01,2021,TEX,205,43,10,1,3
dalbebo01,2021,BOS,417,100,28,7,1
darnatr01,2021,ATL,209,46,17,2,1
darviyu01,2021,SDN,53,5,0,1,0
davidtu01,2021,ATL,6,0,0,0,0
davieza01,2021,CHN,34,6,0,0,0
davisau01,2021,PIT,0,0,0,0,0
davisau01,2021,BOS,0,0,1,0,0
davisja03,2021,SFN,9,1,0,0,0
davisjd01,2021,NYN,179,51,24,6,2
davisjo05,2021,TOR,70,10,11,3,1
davisjo05,2021,NYA,17,1,1,0,0
daviskh01,2021,TEX,51,8,8,0,2
daviskh01,2021,OAK,51,13,2,0,0
davista01,2021,PIT,5,2,1,0,0
daviswa01,2021,KCA,0,0,0,0,0
dawsoro01,2021,HOU,5,1,1,0,0
daytogr01,2021,ATL,0,0,0,0,0
dazayo01,2021,COL,301,85,21,2,1
deanau01,2021,SLN,30,7,6,0,2
degeubr01,2021,TEX,0,0,0,0,0
degeubr01,2021,ARI,0,0,0,0,0
degotal01,2021,HOU,6,2,1,0,0
degroja01,2021,NYN,33,12,0,0,0
deichgr01,2021,CHN,30,4,1,0,0
dejonch01,2021,PIT,12,1,0,0,0
dejonpa01,2021,SLN,356,70,35,9,2
delacbr01,2021,MIA,199,59,18,1,1
deleojo03,2021,CIN,4,1,0,0,0
delosen01,2021,PHI,0,0,0,0,0
delosen01,2021,PIT,0,0,0,0,0
delpomi01,2021,DET,0,0,0,0,0
desclan01,2021,SFN,51,2,4,0,0
deshide02,2021,CIN,47,12,9,0,0
detmere01,2021,LAA,1,0,1,0,0
detwiro01,2021,MIA,3,1,0,0,0
detwiro01,2021,SDN,0,0,0,0,0
devench02,2021,ARI,0,0,0,0,0
deverjo01,2021,MIA,41,10,3,1,1
deverra01,2021,BOS,591,165,62,7,4
diazal02,2021,HOU,294,76,16,9,0
diazed04,2021,NYN,0,0,0,0,0
diazel01,2021,COL,338,83,30,2,1
diazis01,2021,MIA,238,46,34,1,3
diazjh01,2021,LAA,0,0,0,0,0
diazle01,2021,MIA,122,25,6,0,0
diazmi02,2021,SDN,3,0,0,0,0
diazya01,2021,TBA,465,119,69,3,4
diazye01,2021,NYN,1,0,0,0,0
dickeal01,2021,SFN,283,66,23,6,0
dickeco01,2021,MIA,205,54,16,3,1
dickeco01,2021,TOR,131,37,9,0,0
dicksbr01,2021,SLN,0,0,0,0,0
diekmja01,2021,OAK,1,0,0,0,0
difowi01,2021,PIT,219,59,20,0,1
diplama01,2021,BAL,0,0,0,0,0
dobnara01,2021,MIN,0,0,0,0,0
dohyky01,2021,PHI,0,0,0,0,0
dolisra01,2021,TOR,0,0,0,0,0
dominse01,2021,PHI,0,0,0,0,0
donaljo02,2021,MIN,457,113,74,4,8
doolise01,2021,CIN,0,0,0,0,0
doolise01,2021,SEA,0,0,0,0,0
dorowry01,2021,TEX,6,0,1,0,0
dovalca01,2021,SFN,0,0,0,0,0
doziehu01,2021,KCA,487,105,43,7,6
drurybr01,2021,NYN,84,23,3,1,0
dubonma01,2021,SFN,175,42,9,1,2
duffety01,2021,MIN,0,0,0,0,0
duffyda01,2021,KCA,0,0,0,0,0
duffyma01,2021,CHN,289,83,25,7,1
duggast01,2021,SFN,268,69,27,2,0
duggero01,2021,SEA,0,0,0,0,0
dunnida01,2021,TEX,3,1,0,0,0
dunnju01,2021,SEA,3,1,0,0,0
duplajo01,2021,ARI,2,0,0,1,0
duranja01,2021,BOS,107,23,4,0,1
duvalad01,2021,MIA,314,72,21,1,3
duvalad01,2021,ATL,199,45,14,3,0
dysonja01,2021,KCA,122,27,6,0,1
dysonja01,2021,TOR,13,1,4,0,0
eatonad02,2021,CHA,189,38,20,6,0
eatonad02,2021,LAA,65,13,2,1,1
edmanto01,2021,SLN,641,168,38,6,4
edwarca01,2021,ATL,0,0,0,0,0
edwarca01,2021,TOR,0,0,0,0,0
effrosc01,2021,CHN,0,0,0,0,1
eflinza01,2021,PHI,29,0,1,1,0
eickhje01,2021,NYN,5,2,0,0,0
elledse01,2021,SLN,2,0,0,0,0
ellisch01,2021,TBA,0,0,0,0,0
ellisch01,2021,BAL,0,0,0,0,0
ellisdr01,2021,ARI,69,9,10,4,0
emanuke01,2021,HOU,0,0,0,0,0
engelad01,2021,CHA,123,31,11,5,1
ennsdi01,2021,TBA,0,0,0,0,0
eovalna01,2021,BOS,2,0,1,0,0
escobal02,2021,WAS,319,92,17,9,2
escobed01,2021,ARI,370,91,29,0,1
escobed01,2021,MIL,179,48,19,1,0
eshelto01,2021,BAL,1,0,0,0,0
espinpa01,2021,WAS,30,5,0,0,0
espinra01,2021,BOS,0,0,0,0,0
espinsa01,2021,TOR,222,69,22,1,0
estevca01,2021,COL,0,0,0,0,0
estrath01,2021,SFN,121,33,9,2,0
evansde01,2021,TEX,0,0,0,0,0
evansph01,2021,PIT,214,44,28,5,0
fairbpe01,2021,TBA,0,0,0,0,0
faircst01,2021,ARI,15,2,1,1,0
falteba01,2021,PHI,5,0,0,0,0
familje01,2021,NYN,0,0,0,0,0
fargajo01,2021,NYN,21,6,0,0,0
fargajo01,2021,CHN,31,7,1,0,0
fariaja01,2021,ARI,3,1,0,0,0
farmebu01,2021,DET,0,0,0,0,0
farmeky01,2021,CIN,483,127,22,18,5
farrelu01,2021,MIN,0,0,0,0,0
feddeer01,2021,WAS,36,0,1,0,1
felicma01,2021,MIL,0,0,1,0,0
felizmi01,2021,PIT,0,0,0,0,0
felizmi01,2021,CIN,0,0,0,0,0
felizmi01,2021,BOS,0,0,0,0,0
felizmi01,2021,OAK,0,0,0,0,0
felizne01,2021,PHI,0,0,0,0,0
felizne01,2021,LAN,0,0,0,0,0
feltnry01,2021,COL,1,0,0,0,0
fernaju01,2021,SLN,1,0,0,0,0
fernaju02,2021,COL,0,0,0,0,0
feyerjo01,2021,MIL,0,0,0,0,0
feyerjo01,2021,TBA,0,0,0,0,0
fiersmi01,2021,OAK,0,0,0,0,0
finneky01,2021,WAS,0,0,0,0,0
fishede01,2021,MIL,8,2,0,0,0
flaaja01,2021,BAL,0,0,0,0,0
flaaja01,2021,ATL,0,0,0,0,0
flaheja01,2021,SLN,17,2,5,0,1
flemijo01,2021,TBA,1,0,0,0,0
fletcaa01,2021,SEA,0,0,0,0,0
fletcda02,2021,LAA,626,164,31,1,1
flexech01,2021,SEA,3,0,0,0,0
florebe01,2021,SLN,0,0,0,0,0
florewi01,2021,SFN,389,102,41,3,3
flories01,2021,NYA,20,6,5,0,0
florody01,2021,MIA,0,0,0,0,0
foleyja01,2021,DET,0,0,0,0,0
foltymi01,2021,TEX,2,0,0,0,0
fordmi01,2021,NYA,60,8,11,1,0
forteni01,2021,MIA,31,9,3,0,0
fostema01,2021,CHA,0,0,0,0,0
fowlede01,2021,LAA,20,5,1,0,0
fowledu01,2021,PIT,41,7,3,1,1
fraleja01,2021,SEA,214,45,46,2,2
francma02,2021,BAL,377,79,20,3,3
francty01,2021,SEA,571,166,46,27,6
francwa01,2021,TBA,281,81,24,2,1
frankse01,2021,ARI,3,0,1,0,0
fraziad01,2021,PIT,386,125,35,6,1
fraziad01,2021,SDN,191,51,13,4,0
frazicl01,2021,NYA,183,34,32,3,0
frazito01,2021,PIT,35,3,3,2,0
freelky01,2021,COL,33,6,2,0,1
freemfr01,2021,ATL,600,180,85,8,2
freemmi01,2021,CIN,59,11,5,1,0
friaslu01,2021,ARI,0,0,0,0,0
friedma01,2021,ATL,55,15,4,0,0
friedtj01,2021,CIN,31,9,4,0,1
fryja01,2021,CHA,0,0,0,0,0
frypa01,2021,BAL,0,0,0,0,0
fuentjo01,2021,COL,271,61,12,0,1
fulmeca01,2021,CIN,2,0,0,0,0
fulmemi01,2021,DET,0,0,0,0,0
funkhky01,2021,DET,0,0,0,0,0
gallaca01,2021,KCA,112,28,8,0,1
gallegi01,2021,SLN,0,0,0,0,0
galleza01,2021,ARI,32,6,1,0,0
gallojo01,2021,TEX,310,69,74,4,0
gallojo01,2021,NYA,188,30,37,2,1
galvifr01,2021,BAL,249,62,18,3,1
galvifr01,2021,PHI,107,24,9,2,2
gamelbe01,2021,CLE,14,1,3,0,0
gamelbe01,2021,PIT,326,83,48,3,4
gantjo01,2021,SLN,13,0,0,0,0
gantjo01,2021,MIN,0,0,0,0,0
garciad02,2021,TEX,581,141,32,5,4
garciar01,2021,OAK,88,18,1,3,0
garciav01,2021,MIL,461,121,38,11,5
garcibr01,2021,DET,0,0,0,0,0
garcide01,2021,NYA,0,0,0,0,0
garcied01,2021,CIN,0,0,0,0,0
garcied01,2021,MIN,0,0,0,0,0
garcija04,2021,SFN,2,0,0,0,0
garcijo02,2021,CIN,50,10,3,3,0
garcile02,2021,CHA,415,111,41,4,5
garcilu03,2021,SLN,0,0,0,0,0
garcilu04,2021,WAS,236,57,11,0,0
garcilu05,2021,HOU,6,0,0,0,0
garciro02,2021,HOU,106,16,8,1,1
garciro03,2021,DET,1,0,0,0,0
garciyi01,2021,MIA,0,0,0,0,0
garciyi01,2021,HOU,0,0,0,0,0
gardnbr01,2021,NYA,387,86,60,3,6
garliky01,2021,MIN,99,23,6,1,1
garnedu01,2021,DET,62,13,3,1,2
garream01,2021,CIN,0,0,0,0,0
garrebr01,2021,MIA,11,2,0,0,0
garvemi01,2021,MIN,207,53,31,3,2
garzaju01,2021,CLE,0,0,0,0,0
garzara01,2021,HOU,0,0,0,0,0
garzara01,2021,MIN,0,0,0,0,0
gausmke01,2021,SFN,54,10,2,0,1
germado01,2021,NYA,2,0,0,0,0
giambtr01,2021,CHN,13,2,0,0,0
gibauia01,2021,MIN,0,0,0,0,0
gibsoky01,2021,TEX,2,0,0,0,0
gibsoky01,2021,PHI,27,4,0,0,0
gilbelo01,2021,SEA,0,0,0,0,0
gilbety01,2021,ARI,9,0,0,0,0
gilbrlu01,2021,COL,0,0,0,0,0
gillu01,2021,NYA,0,0,0,0,0
gimenan01,2021,CLE,188,41,11,7,3
ginkeke01,2021,ARI,0,0,0,0,0
giolilu01,2021,CHA,4,1,0,0,0
gittech01,2021,NYA,36,4,7,0,1
givenmy01,2021,COL,0,0,0,0,0
givenmy01,2021,CIN,0,0,0,0,0
glasnty01,2021,TBA,2,0,0,0,0
godleza01,2021,MIL,0,0,0,0,0
godoyjo01,2021,SEA,37,6,3,0,0
goldspa01,2021,SLN,603,177,67,4,5
gombeau01,2021,COL,32,3,1,0,0
gomesya01,2021,WAS,218,59,13,4,0
gomesya01,2021,OAK,131,29,6,2,1
gonsast01,2021,BOS,0,0,0,0,0
gonsoto01,2021,LAN,17,3,1,0,0
gonzach01,2021,COL,31,5,1,0,0
gonzaer01,2021,PIT,220,51,8,0,1
gonzalu03,2021,CHA,8,2,3,0,0
gonzama01,2021,BOS,242,49,19,8,1
gonzama01,2021,HOU,34,6,1,1,0
gonzama02,2021,SEA,4,0,0,0,0
gonzaro01,2021,CHA,32,8,1,0,0
gonzavi02,2021,LAN,0,0,0,0,0
goodrni01,2021,DET,290,62,29,4,2
goodwbr01,2021,CHA,235,52,33,1,1
gordoni01,2021,MIN,200,48,12,3,1
gosean01,2021,CLE,0,0,0,0,0
gosseph01,2021,LAA,345,90,24,3,1
goudeas01,2021,CIN,0,0,0,0,0
goudeas01,2021,COL,6,1,0,0,0
gourryu01,2021,HOU,530,169,59,4,12
grandya01,2021,CHA,279,67,87,3,5
gratebr01,2021,LAN,2,0,0,0,0
graveke01,2021,SEA,0,0,0,0,0
graveke01,2021,HOU,0,0,0,0,0
grayjo02,2021,COL,47,5,0,0,0
grayjo03,2021,LAN,3,0,0,0,0
grayjo03,2021,WAS,19,1,1,0,0
grayso01,2021,CIN,41,6,1,0,0
greench03,2021,NYA,0,0,0,0,0
greenco01,2021,BAL,0,0,0,0,0
greenco01,2021,LAN,0,0,0,0,0
greensh02,2021,ATL,0,0,0,0,0
greensh02,2021,LAN,0,0,0,0,0
gregodi01,2021,PHI,368,77,25,8,7
greingr01,2021,DET,72,17,9,0,0
greinza01,2021,HOU,2,0,0,0,0
grichra01,2021,TOR,511,123,27,3,4
grishtr01,2021,SDN,462,112,54,6,4
grossro01,2021,DET,557,133,98,8,6
gsellro01,2021,NYN,5,0,1,0,0
guduare01,2021,OAK,0,0,0,0,0
guentse01,2021,MIA,0,0,0,0,0
guerrde01,2021,OAK,0,0,0,0,0
guerrja01,2021,WAS,1,0,0,0,0
guerrja02,2021,SDN,0,0,0,0,0
guerrju02,2021,LAA,2,0,0,0,0
guerrvl02,2021,TOR,604,188,86,6,2
guilllu01,2021,NYN,132,35,23,0,0
guilmpr01,2021,MIA,0,0,0,0,0
gurrilo01,2021,TOR,500,138,32,2,6
gushuta01,2021,CHN,4,0,0,0,0
gustaja01,2021,MIL,2,0,0,0,0
gutieke01,2021,KCA,135,29,6,1,0
gutieke01,2021,BAL,137,34,13,3,0
gutievl01,2021,CIN,33,3,2,0,0
guzmajo04,2021,MIA,0,0,0,0,0
guzmaro01,2021,TEX,16,1,1,0,0
haaseer01,2021,DET,351,81,26,2,2
haderjo01,2021,MIL,0,0,0,0,0
hagerja01,2021,NYN,8,1,0,0,0
hagerja01,2021,ARI,18,2,4,0,0
haggesa01,2021,SEA,86,16,6,1,0
hahnje01,2021,KCA,0,0,0,0,0
haleda02,2021,PHI,0,0,0,0,0
hamilbi02,2021,CHA,127,28,4,0,1
hammejd01,2021,PHI,1,0,0,0,0
hampsga01,2021,COL,453,106,33,3,2
handbr01,2021,WAS,0,0,0,0,0
handbr01,2021,TOR,0,0,0,0,0
handbr01,2021,NYN,0,0,0,0,0
hanhoer01,2021,BAL,0,0,0,0,0
hanigmi01,2021,SEA,620,157,54,9,8
happia01,2021,CHN,465,105,62,5,1
happja01,2021,MIN,0,0,0,0,0
happja01,2021,SLN,14,0,1,0,0
hardybl01,2021,MIL,0,0,0,0,0
harpebr03,2021,PHI,488,151,100,5,4
harpery01,2021,WAS,1,0,0,0,0
harrijo05,2021,WAS,320,94,25,12,1
harrijo05,2021,OAK,185,47,6,6,2
harrimo01,2021,MIA,10,2,0,0,0
harriwi02,2021,WAS,0,0,0,0,0
hartlge01,2021,PIT,0,0,0,0,0
hartlge01,2021,NYN,0,0,0,0,0
hartmry01,2021,HOU,0,0,0,0,0
harvehu01,2021,BAL,0,0,0,0,0
harvema01,2021,BAL,5,0,0,0,0
haselad01,2021,PHI,21,4,0,0,0
hatchto01,2021,TOR,0,0,0,0,0
hayeske01,2021,PIT,362,93,31,1,2
haysau01,2021,BAL,488,125,28,9,1
headlo01,2021,TBA,0,0,0,0,0
heanean01,2021,LAA,2,1,1,0,0
heanean01,2021,NYA,1,0,0,0,0
hearnta01,2021,TEX,0,0,0,0,0
heasljo01,2021,KCA,0,0,0,0,0
heathni01,2021,ARI,35,5,4,0,0
hedgeau01,2021,CLE,286,51,15,1,3
heimjo01,2021,TEX,265,52,15,1,3
heinesc01,2021,CIN,30,3,3,1,0
helslry01,2021,SLN,0,0,0,0,0
hembrhe01,2021,NYN,0,0,0,0,0
hembrhe01,2021,CIN,1,0,0,0,0
hendrky01,2021,CHN,52,6,2,0,0
hendrli01,2021,CHA,0,0,0,0,0
hendrry01,2021,CIN,1,0,0,0,0
henrypa01,2021,MIA,15,4,1,0,0
hentgsa01,2021,CLE,1,0,0,0,0
heredgu01,2021,ATL,305,67,32,9,1
hergeji01,2021,TEX,0,0,0,0,0
hergeji01,2021,LAA,0,0,0,0,0
hermomi01,2021,CHN,36,7,1,1,0
hernaca04,2021,KCA,4,0,0,0,0
hernace02,2021,CLE,376,87,38,4,2
hernace02,2021,CHA,194,45,21,1,1
hernada02,2021,BOS,0,0,0,0,0
hernael01,2021,MIA,14,1,0,0,0
hernaen02,2021,BOS,508,127,61,9,7
hernate01,2021,TOR,550,163,36,7,2
hernaya01,2021,WAS,264,72,22,1,2
hernayo02,2021,TEX,143,31,17,4,1
herreod01,2021,PHI,450,117,29,6,5
hessda01,2021,MIA,4,0,0,0,0
hessda01,2021,TBA,0,0,0,0,0
heuerco01,2021,CHA,0,0,0,0,0
heuerco01,2021,CHN,0,0,0,0,0
heywaja01,2021,CHN,323,69,27,3,0
hicksaa01,2021,NYA,108,21,14,2,2
hicksjo02,2021,TEX,31,8,0,0,0
hicksjo03,2021,SLN,0,0,0,0,0
higasky01,2021,NYA,193,35,17,0,1
higgipj01,2021,CHN,23,1,2,0,0
hildetr01,2021,NYN,0,0,0,0,0
hillde01,2021,DET,139,36,10,1,0
hillisa01,2021,COL,214,46,23,1,0
hillri01,2021,TBA,4,1,0,0,0
hillri01,2021,NYN,20,2,0,0,0
hillti01,2021,SDN,0,0,0,0,0
hiurake01,2021,MIL,173,29,14,7,1
hoernni01,2021,CHN,149,45,17,3,1
hoffmje02,2021,CIN,15,2,0,0,0
holadbr01,2021,ARI,31,6,1,2,0
hollade01,2021,DET,0,0,0,0,0
hollagr01,2021,KCA,0,0,0,0,0
hollojo01,2021,MIA,10,1,0,0,0
holmecl01,2021,PIT,1,0,0,0,0
holmecl01,2021,NYA,0,0,0,0,0
holtbr01,2021,TEX,235,49,23,1,1
honeybr01,2021,TBA,0,0,0,0,0
hoskirh01,2021,PHI,389,96,47,5,2
hosmeer01,2021,SDN,509,137,48,5,2
houckta01,2021,BOS,1,0,0,0,0
housead01,2021,MIL,42,3,2,0,0
howarsa01,2021,PIT,0,0,0,0,0
howarsp01,2021,PHI,6,2,0,0,0
howarsp01,2021,TEX,0,0,0,0,0
hoyinja01,2021,TOR,3,0,0,0,0
hoytja01,2021,LAA,0,0,0,0,0
hudsoda01,2021,WAS,0,0,0,0,0
hudsoda01,2021,SDN,0,0,0,0,0
hudsoda02,2021,SLN,3,1,1,0,0
hunteto02,2021,NYN,1,1,0,0,0
hurstsc01,2021,SLN,5,0,0,0,0
hutchdr01,2021,DET,1,0,0,0,0
ibanean01,2021,TEX,253,70,15,2,1
iglesjo01,2021,LAA,424,110,18,4,1
iglesjo01,2021,BOS,59,21,3,2,0
iglesra01,2021,LAA,0,0,0,0,0
inciaen01,2021,ATL,79,17,7,0,1
indiajo01,2021,CIN,532,143,71,23,4
irvinco01,2021,OAK,5,1,0,0,0
isbelky01,2021,KCA,76,21,7,0,0
iveyty01,2021,HOU,0,0,0,0,0
jacksal02,2021,ATL,23,1,2,3,0
jacksal02,2021,MIA,108,17,11,4,0
jacksan01,2021,LAN,4,0,0,0,0
jacksja01,2021,SFN,1,0,0,0,0
jackslu01,2021,ATL,0,0,0,0,0
jamesjo02,2021,HOU,0,0,0,0,0
jankotr01,2021,PHI,131,33,22,1,0
jannimi01,2021,BAL,0,0,0,0,0
janseda01,2021,TOR,184,41,17,3,0
janseke01,2021,LAN,1,0,0,0,0
javiecr01,2021,HOU,0,0,0,0,0
jaxgr01,2021,MIN,3,0,0,0,0
jayjo02,2021,LAA,14,5,0,0,0
jeffeda01,2021,OAK,0,0,0,0,0
jeffery01,2021,MIN,267,53,22,4,0
jewelja01,2021,CHN,1,0,0,0,0
jimenel02,2021,CHA,213,53,16,1,1
jimenjo02,2021,DET,0,0,0,0,0
joeco01,2021,COL,179,51,26,3,3
johnsda07,2021,CLE,77,17,4,0,0
johnsdj01,2021,CLE,0,0,0,0,0
johnsdj01,2021,TBA,0,0,0,0,0
johnspi01,2021,SDN,0,0,0,0,0
jonesda07,2021,PHI,0,0,0,0,0
jonesja07,2021,DET,100,17,5,0,0
jonesja08,2021,BAL,67,10,4,1,0
jonesna01,2021,ATL,0,0,0,0,0
jonesna01,2021,LAN,1,0,0,0,0
jonesta01,2021,HOU,102,25,4,0,2
joycema01,2021,PHI,55,5,12,1,1
judgeaa01,2021,NYA,550,158,75,3,5
junisja01,2021,KCA,1,0,0,0,0
junkja01,2021,LAA,0,0,0,0,0
kaprija01,2021,OAK,3,1,0,0,0
karinja01,2021,CLE,0,0,0,0,0
kayan01,2021,TOR,0,0,0,0,0
kazmase01,2021,ATL,2,0,0,0,0
kazmisc01,2021,SFN,3,0,0,0,0
kelake01,2021,SDN,0,0,0,0,0
kelenja01,2021,SEA,337,61,36,3,1
kellebr01,2021,KCA,5,0,0,0,0
kelleky01,2021,PIT,0,0,0,0,0
kellemi03,2021,PIT,28,3,2,0,0
kellyca02,2021,ARI,304,73,44,6,5
kellyjo05,2021,LAN,3,0,0,0,0
kellyme01,2021,ARI,47,3,4,0,0
kempto01,2021,OAK,330,92,52,6,5
kenneia01,2021,TEX,0,0,0,0,0
kenneia01,2021,PHI,0,0,0,0,0
keplema01,2021,MIN,426,90,54,6,4
kershcl01,2021,LAN,36,8,1,0,0
keuchda01,2021,CHA,2,0,0,0,0
kickhmi01,2021,LAN,0,0,0,0,0
kieboca01,2021,WAS,217,45,25,5,2
kiermke01,2021,TBA,348,90,33,5,4
kikucyu01,2021,SEA,2,0,0,0,0
kimbrcr01,2021,CHN,1,0,0,0,0
kimbrcr01,2021,CHA,0,0,0,0,0
kimha01,2021,SDN,267,54,22,4,3
kimkw01,2021,SLN,26,3,0,1,0
kineris01,2021,TEX,635,172,28,11,2
kingesc01,2021,PHI,19,1,0,0,0
kingjo01,2021,TEX,1,0,0,0,0
kingmi01,2021,NYA,0,0,0,0,0
kinlety01,2021,COL,0,0,0,0,0
kintzbr01,2021,PHI,0,0,0,0,0
kirilal01,2021,MIN,215,54,14,1,1
kirkal01,2021,TOR,165,40,19,3,2
kittran01,2021,TBA,0,0,0,0,0
kivlepa01,2021,SDN,4,1,2,1,1
kloboga01,2021,WAS,0,0,0,0,0
klubeco01,2021,NYA,2,0,0,0,0
knappan01,2021,PHI,145,22,10,2,1
knebeco01,2021,LAN,2,0,0,0,0
knehrre01,2021,SDN,8,0,0,0,0
knighdu01,2021,BAL,0,0,0,0,0
kniznan01,2021,SLN,161,28,20,4,0
koernbr01,2021,NYA,0,0,0,0,0
kolarad01,2021,OAK,0,0,0,0,0
kopecmi01,2021,CHA,1,0,0,0,0
kowarja01,2021,KCA,0,0,0,0,0
kozmape01,2021,OAK,11,1,1,0,0
kranima01,2021,PIT,12,0,0,0,0
krehbjo01,2021,TBA,0,0,0,0,0
krehbjo01,2021,BAL,0,0,0,0,0
kremede01,2021,BAL,0,0,0,0,0
kriskbr01,2021,NYA,0,0,0,0,0
kriskbr01,2021,BAL,0,0,0,0,0
krolia01,2021,DET,0,0,0,0,0
krugeja01,2021,LAA,0,0,0,0,0
kuhlch01,2021,PIT,21,1,1,0,0
ladenty01,2021,CHN,1,0,0,0,0
lagarju01,2021,LAA,309,73,12,1,1
lailbr01,2021,SEA,0,0,0,0,0
lakintr01,2021,BAL,0,0,0,0,0
lamarry01,2021,NYA,21,4,2,1,0
lambeji01,2021,CHA,0,0,0,0,0
lambepe01,2021,COL,2,0,0,0,0
lambja01,2021,CHA,113,24,17,1,0
lambja01,2021,TOR,31,4,5,1,2
lametdi01,2021,SDN,6,0,1,0,0
langeal01,2021,DET,0,0,0,0,0
larnatr01,2021,MIN,260,58,31,8,2
lasteto01,2021,SFN,220,55,18,1,1
latzja01,2021,TEX,0,0,0,0,0
lauerer01,2021,MIL,26,4,3,1,1
laurera01,2021,OAK,341,84,27,9,1
lavarry01,2021,CLE,28,7,1,0,0
lawde01,2021,MIN,0,0,0,0,0
lawreju01,2021,COL,0,0,0,0,0
leblawa01,2021,BAL,0,0,0,0,0
leblawa01,2021,SLN,11,0,0,0,0
leedy01,2021,ATL,0,0,0,0,0
leekh01,2021,NYN,18,1,0,0,0
lemahdj01,2021,NYA,597,160,73,4,5
leonedo01,2021,SFN,0,0,0,0,0
leonsa01,2021,MIA,202,37,12,3,2
lestejo01,2021,WAS,28,5,0,0,0
lestejo01,2021,SLN,20,3,2,0,0
lewisky01,2021,SEA,130,32,16,1,0
leybado01,2021,ARI,22,0,2,0,0
leybado01,2021,BAL,65,10,6,1,0
lindbjo01,2021,MIL,1,0,0,0,0
lindofr01,2021,NYN,452,104,58,5,3
lintz01,2021,MIN,0,0,0,0,0
litteza01,2021,SFN,4,1,0,0,0
llovema01,2021,PHI,0,0,0,0,0
loaisjo01,2021,NYA,0,0,0,0,0
lobatjo01,2021,CHN,11,0,2,0,0
lobstky01,2021,WAS,0,0,0,0,0
locasti01,2021,ARI,118,21,6,9,0
locasti01,2021,NYA,21,4,1,0,1
longoev01,2021,SFN,253,66,35,1,2
longsa01,2021,SFN,10,1,0,0,0
longsh01,2021,SEA,111,22,9,0,0
lopesti01,2021,MIL,10,1,1,0,0
lopezal03,2021,CIN,23,6,0,0,0
lopezja03,2021,BOS,13,2,1,0,0
lopezjo02,2021,BAL,2,0,0,0,0
lopezni01,2021,KCA,497,149,49,4,3
lopezot01,2021,TOR,1,0,0,0,0
lopezpa01,2021,MIA,33,2,0,0,0
lopezre01,2021,CHA,0,0,0,0,0
lopezyo01,2021,ARI,0,0,0,0,0
lorenmi01,2021,CIN,1,0,0,0,0
loupaa01,2021,NYN,0,0,0,0,0
lovelri01,2021,KCA,0,0,0,0,0
lowebr01,2021,TBA,535,132,68,9,3
lowejo01,2021,TBA,1,1,1,0,0
lowena01,2021,TEX,557,147,80,2,3
lowrije01,2021,OAK,457,112,49,2,4
lowthza01,2021,BAL,0,0,0,0,0
lucchjo01,2021,NYN,10,0,1,0,0
lucrojo01,2021,WAS,14,5,0,0,0
lucrojo01,2021,ATL,5,1,3,0,0
luetglu01,2021,NYA,0,0,0,0,0
lugose01,2021,NYN,1,0,0,0,0
luplojo01,2021,CLE,98,17,21,2,0
luplojo01,2021,TBA,65,16,7,0,0
luxga01,2021,LAN,335,81,41,3,2
luzarje01,2021,OAK,1,0,0,0,0
luzarje01,2021,MIA,14,0,4,0,0
lylesjo01,2021,TEX,6,0,0,0,0
lynchda02,2021,KCA,0,0,0,0,0
lynnla01,2021,CHA,5,1,0,0,0
machaan02,2021,WAS,0,0,0,0,0
machama01,2021,SDN,564,157,63,2,11
machivi01,2021,OAK,32,4,3,0,0
maderlu01,2021,MIA,1,0,0,0,0
madrini01,2021,CHA,200,61,11,3,1
maedake01,2021,MIN,3,1,0,0,0
mahlety01,2021,CIN,55,3,4,0,0
mailelu01,2021,MIL,30,9,3,1,0
maldoma01,2021,HOU,373,64,47,5,1
manaese01,2021,OAK,4,2,0,0,0
mancitr01,2021,BAL,556,142,51,8,1
mannima01,2021,DET,1,0,0,0,0
manoaal01,2021,TOR,1,0,0,0,0
mantijo01,2021,ARI,0,0,0,0,0
mapledi01,2021,CHN,0,0,0,0,0
marcatu01,2021,SDN,44,8,6,0,0
marchra01,2021,PHI,52,12,4,0,0
margeni01,2021,SEA,0,0,0,0,0
margoma01,2021,TBA,421,107,37,1,4
marisja01,2021,CHN,128,29,9,4,2
marisja01,2021,SDN,48,9,2,3,0
marmojo01,2021,SEA,106,17,15,0,1
marquge01,2021,COL,53,14,0,0,0
marrede01,2021,MIA,16,3,3,0,0
marshbr02,2021,LAA,236,60,20,2,1
marshev01,2021,CHA,0,0,0,0,0
martejo01,2021,LAA,0,0,0,0,0
marteke01,2021,ARI,340,108,31,2,1
martelu02,2021,MIA,6,1,1,0,0
martest01,2021,MIA,233,71,32,8,1
martest01,2021,OAK,234,74,11,5,1
martibr01,2021,TEX,0,0,0,0,0
martica04,2021,SLN,24,2,0,0,0
martich02,2021,ATL,0,0,0,0,0
martico02,2021,ARI,4,1,0,0,0
martija03,2021,TEX,144,30,8,0,1
martijd02,2021,BOS,570,163,55,3,5
martini02,2021,CHN,37,10,6,0,2
martiri01,2021,BAL,98,23,4,1,1
martise01,2021,HOU,0,0,0,0,0
mateojo01,2021,SDN,87,18,2,3,0
mateojo01,2021,BAL,107,30,7,1,1
mathije01,2021,ATL,9,0,0,0,0
mathiwy01,2021,ARI,42,5,5,3,1
matonni01,2021,PHI,117,30,10,2,1
matonph01,2021,CLE,1,0,0,0,0
matonph01,2021,HOU,0,0,0,0,0
mattsis01,2021,BAL,0,0,0,0,0
matzety01,2021,ATL,0,0,0,0,0
matzst01,2021,TOR,2,0,0,0,0
maybica01,2021,NYN,28,1,3,2,0
maydu01,2021,LAN,3,0,0,0,0
mayermi01,2021,LAA,0,0,0,0,0
mayfija01,2021,LAA,232,52,16,3,1
mayfija01,2021,SEA,34,6,1,0,0
maytr01,2021,NYN,0,0,0,0,0
mayzati01,2021,TOR,0,0,0,0,0
mazarno01,2021,DET,165,35,15,0,1
mazeipa01,2021,NYN,79,15,4,3,1
mazzach01,2021,TBA,0,0,0,0,0
mcbrory01,2021,KCA,8,2,1,0,0
mccanja02,2021,NYN,375,87,32,2,3
mccarja02,2021,ARI,59,13,8,2,0
mccauda01,2021,SEA,2,0,0,0,0
mcclash01,2021,TBA,0,0,0,0,0
mccorch01,2021,HOU,284,73,25,4,7
mcculla02,2021,HOU,4,0,0,0,0
mccutan01,2021,PHI,482,107,81,4,7
mcfartj01,2021,SLN,0,0,0,0,0
mcgeeja01,2021,SFN,0,0,0,0,0
mcgowky01,2021,WAS,1,0,0,0,0
mcguire01,2021,TOR,198,50,15,2,1
mchugco01,2021,TBA,0,0,0,0,0
mckenry01,2021,BAL,169,31,24,2,0
mckentr01,2021,CLE,2,1,0,0,0
mckinbi01,2021,MIL,92,19,7,0,1
mckinbi01,2021,NYN,91,20,11,0,0
mckinbi01,2021,LAN,82,12,14,1,1
mckinza01,2021,LAN,158,34,10,1,2
mcmahry01,2021,COL,528,134,59,4,5
mcneije01,2021,NYN,386,97,29,10,1
mcraeal01,2021,CHA,0,0,0,0,0
meadoau01,2021,TBA,518,121,59,6,8
meansjo01,2021,BAL,5,1,0,0,0
mearsni01,2021,PIT,1,0,0,0,0
medinad01,2021,PHI,1,0,0,0,0
megiltr01,2021,CHN,0,0,0,0,0
megilty01,2021,NYN,28,6,1,0,0
meisiry01,2021,CHN,0,0,0,0,0
mejiafr01,2021,TBA,250,65,17,7,2
mejiahu01,2021,ARI,7,1,0,0,0
mejiaje02,2021,CLE,1,0,0,0,0
melanma01,2021,SDN,0,0,0,0,0
mellake01,2021,ARI,0,0,0,0,0
mendida01,2021,CHA,164,36,18,2,1
menezco01,2021,SFN,0,0,0,0,0
mercaos01,2021,CLE,214,48,21,2,0
mercejo03,2021,WAS,118,30,9,0,0
merceye01,2021,CHA,240,65,20,1,1
merriwh01,2021,KCA,664,184,40,4,12
merryju01,2021,TOR,0,0,0,0,0
meyerja02,2021,HOU,146,38,10,4,1
middlke01,2021,SEA,0,0,0,0,0
mikolmi01,2021,SLN,8,0,1,0,0
mileywa01,2021,CIN,54,10,3,0,0
millean01,2021,SLN,0,0,0,0,0
millebr02,2021,PHI,331,75,45,1,0
millebr03,2021,MIA,11,3,0,0,0
milleju02,2021,WAS,0,0,0,0,0
milleju02,2021,SLN,0,0,0,0,0
milleow01,2021,CLE,191,39,9,1,1
millesh01,2021,CHN,0,0,0,0,0
millesh01,2021,PIT,1,0,0,0,0
millsal02,2021,CHN,32,1,0,0,0
millswy01,2021,SEA,0,0,0,0,0
milneho01,2021,MIL,1,0,1,0,0
milonto01,2021,TOR,0,0,0,0,0
minayju01,2021,MIN,0,0,0,0,0
minormi01,2021,KCA,7,0,0,0,0
minteaj01,2021,ATL,1,0,0,0,0
misiean01,2021,SEA,0,0,0,0,0
mitchbr01,2021,MIA,0,0,0,0,0
mizeca01,2021,DET,2,0,1,0,0
molinya01,2021,SLN,440,111,24,5,3
mollsa01,2021,OAK,0,0,0,0,0
moncayo01,2021,CHA,520,137,84,10,2
mondera02,2021,KCA,126,29,6,1,0
moniami01,2021,PHI,33,3,3,0,0
montafr01,2021,OAK,4,0,0,0,0
montera01,2021,SEA,0,0,0,0,0
montera01,2021,HOU,0,0,0,0,0
montgjo01,2021,NYA,4,0,0,0,0
mooredy01,2021,SEA,332,60,40,4,1
moorema02,2021,PHI,19,0,0,0,0
moranco01,2021,PIT,318,82,36,2,3
moranjo01,2021,MIN,0,0,0,0,0
morejad01,2021,SDN,1,0,0,0,0
morelmi01,2021,OAK,229,52,18,2,3
moretda01,2021,CIN,0,0,0,0,0
morgaad01,2021,CHN,0,0,0,0,0
morgael01,2021,CLE,2,0,0,0,0
morimsh01,2021,MIA,2,0,0,0,0
morofma01,2021,SLN,16,1,0,0,0
moronre01,2021,SFN,0,0,0,0,0
mortoch02,2021,ATL,55,7,0,0,0
motteta01,2021,COL,20,3,2,0,0
motteta01,2021,BOS,6,2,1,0,0
mountry01,2021,BAL,534,136,41,4,7
moustmi01,2021,CIN,183,38,18,2,3
mulleky01,2021,ATL,11,1,1,0,0
mullice01,2021,BAL,602,175,59,8,4
muncyma01,2021,LAN,497,124,83,11,1
munozan01,2021,SEA,0,0,0,0,0
munozya01,2021,BOS,11,1,0,0,0
murphpa02,2021,TOR,0,0,0,0,0
murphpa02,2021,WAS,1,0,0,0,0
murphse01,2021,OAK,393,85,40,12,3
murphto04,2021,SEA,277,56,40,2,3
musgrjo01,2021,SDN,51,7,1,0,1
myerswi01,2021,SDN,442,113,54,0,4
nanceto01,2021,CHN,2,0,0,0,0
naquity01,2021,CIN,411,111,35,5,3
narvaom01,2021,MIL,391,104,41,7,6
naughpa01,2021,LAA,1,0,0,0,0
naylojo01,2021,CLE,233,59,14,2,0
neideni01,2021,MIA,11,0,1,0,0
nelsoji02,2021,LAN,3,0,0,0,0
nelsoky01,2021,CLE,0,0,0,0,0
nelsoni01,2021,NYA,0,0,0,0,0
nerishe01,2021,PHI,1,0,0,0,0
neusesh01,2021,LAN,65,11,1,0,0
nevinty01,2021,BAL,14,4,4,0,0
newbeja01,2021,KCA,0,0,0,0,0
newcose01,2021,ATL,1,0,0,0,0
newmake01,2021,PIT,517,117,27,1,3
newsolj01,2021,SEA,0,0,0,0,0
nidoto01,2021,NYN,153,34,5,3,0
nimmobr01,2021,NYN,325,95,54,5,0
nittovi01,2021,SEA,0,0,0,0,0
nogosst01,2021,NYN,1,0,0,0,0
nogowjo01,2021,SLN,18,1,1,1,0
nogowjo01,2021,PIT,111,29,11,0,1
nolaaa01,2021,PHI,49,7,6,0,1
nolaau01,2021,SDN,173,47,14,5,2
nolinse01,2021,WAS,5,0,0,0,0
nootbla01,2021,SLN,109,26,13,0,1
norrida01,2021,DET,0,0,0,0,0
norrida01,2021,MIL,2,0,0,0,0
northaa01,2021,SDN,0,0,0,0,0
norwoja01,2021,SDN,0,0,0,0,0
nottija01,2021,MIL,14,3,0,0,0
nottija01,2021,SEA,26,3,2,2,1
nunezda01,2021,LAN,0,0,0,0,0
nunezdo01,2021,COL,228,43,34,0,1
nunezre01,2021,DET,53,10,1,1,0
oberba01,2021,MIN,2,1,0,0,0
obrieri01,2021,CIN,0,0,0,0,0
odayda01,2021,NYA,0,0,0,0,0
odomjo01,2021,TBA,2,0,0,0,0
odorija01,2021,HOU,1,0,0,0,0
odorro01,2021,NYA,322,65,27,11,0
ogradbr01,2021,SDN,51,8,8,0,1
ohearry01,2021,KCA,236,53,13,2,3
ohtansh01,2021,LAA,537,138,96,4,2
okertst01,2021,MIA,2,0,0,0,0
olivaed02,2021,KCA,101,24,5,3,1
olivaja01,2021,PIT,40,7,3,0,0
olsonma02,2021,OAK,565,153,88,9,11
oneilty01,2021,SLN,482,138,38,13,4
ortegol01,2021,LAA,0,0,0,0,0
ortegra01,2021,CHN,296,86,30,2,0
ortka01,2021,BOS,0,0,0,0,0
osichjo01,2021,CIN,0,0,0,0,0
oswalco01,2021,NYN,0,0,0,0,0
ottavad01,2021,BOS,0,0,0,0,0
ottogl01,2021,TEX,0,0,0,0,0
overtco01,2021,TOR,0,0,0,0,0
overtco01,2021,PIT,1,1,0,0,0
oviedjo01,2021,SLN,20,3,2,0,0
oviedlu01,2021,PIT,0,0,0,0,0
owenhu01,2021,PIT,4,0,0,1,0
owingch01,2021,COL,43,14,7,0,0
ozunama01,2021,ATL,188,40,19,1,0
pachecr01,2021,ATL,63,7,2,1,0
paddach01,2021,SDN,35,1,1,1,0
padloke01,2021,TBA,12,1,2,0,0
padloke01,2021,SEA,1,0,0,0,0
paganem01,2021,SDN,2,0,0,0,0
palacjo01,2021,TOR,35,7,3,2,1
panikjo01,2021,TOR,114,28,8,0,1
panikjo01,2021,MIA,122,21,9,2,0
pareden01,2021,HOU,0,0,0,0,0
paredis01,2021,DET,72,15,10,1,2
parkebl01,2021,CLE,0,0,0,0,0
parkho01,2021,NYA,1,0,0,0,0
parkho01,2021,PIT,127,25,18,1,1
parrage01,2021,WAS,97,23,6,2,1
patinlu01,2021,TBA,0,0,0,0,0
pattosp01,2021,TEX,0,0,0,0,0
paulida01,2021,PHI,0,0,0,0,0
paxtoja01,2021,SEA,0,0,0,0,0
payamjo01,2021,TOR,0,0,0,0,0
payamjo01,2021,KCA,0,0,0,0,0
paynety01,2021,CHN,2,0,0,0,0
paytoma01,2021,CIN,22,4,2,0,0
peacobr01,2021,BOS,0,0,0,0,0
peacoma01,2021,ARI,16,4,1,0,0
pearsna01,2021,TOR,0,0,0,0,0
pederjo01,2021,CHN,256,59,22,5,4
pederjo01,2021,ATL,173,43,17,3,1
pegueel01,2021,LAA,0,0,0,0,0
penafe01,2021,LAA,0,0,0,0,0
peralda01,2021,ARI,487,126,46,3,2
peralfr01,2021,MIL,43,4,1,0,0
peralwa01,2021,SFN,0,0,0,0,0
peralwa01,2021,NYA,0,0,0,0,0
peralwi01,2021,DET,1,0,1,0,0
perazjo01,2021,NYN,142,29,9,3,0
perdoan01,2021,MIL,0,0,0,0,0
perdoge01,2021,ARI,31,8,6,0,0
perezci01,2021,CIN,2,0,0,0,0
perezfr01,2021,CLE,0,0,0,0,0
perezhe01,2021,WAS,19,1,2,0,0
perezma02,2021,BOS,3,0,0,0,0
perezmi03,2021,PIT,210,30,19,2,0
perezol01,2021,CLE,0,0,0,0,0
perezro02,2021,CLE,141,21,17,1,0
perezsa02,2021,KCA,620,169,28,13,4
peterda01,2021,NYN,16,1,0,1,0
peterdi01,2021,PIT,5,0,1,0,0
peterdj01,2021,LAN,26,5,8,0,0
peterdj01,2021,TEX,197,39,4,2,3
peterja01,2021,MIL,259,64,38,3,2
petityu01,2021,OAK,0,0,0,0,0
petrija01,2021,LAA,0,0,0,0,0
phamth01,2021,SDN,475,109,78,4,4
phelpda01,2021,TOR,0,0,0,0,0
phillbr02,2021,TBA,253,52,33,2,2
phillev01,2021,TBA,0,0,0,0,0
phillev01,2021,LAN,3,0,0,0,0
pillake01,2021,NYN,325,75,11,10,1
pinama01,2021,MIL,180,34,22,5,1
pindech01,2021,OAK,214,52,16,2,1
pinedmi01,2021,MIN,3,0,0,0,0
piscost01,2021,OAK,173,38,13,2,0
pivetni01,2021,BOS,2,0,0,0,0
plaweke01,2021,BOS,157,45,12,3,0
plesaza01,2021,CLE,0,0,0,0,0
plutkad01,2021,BAL,0,0,0,0,0
polangr01,2021,PIT,336,70,36,2,8
polanjo01,2021,MIN,588,158,45,5,6
polloaj01,2021,LAN,384,114,30,6,2
pomerdr01,2021,SDN,0,0,0,0,0
ponceco01,2021,PIT,6,0,0,0,0
ponceda01,2021,SLN,5,0,0,0,0
poppese01,2021,PIT,1,0,0,0,0
poppese01,2021,TBA,0,0,0,0,0
poppese01,2021,ARI,0,0,0,0,0
popza01,2021,MIA,1,0,0,0,0
poseybu01,2021,SFN,395,120,56,1,2
poteeco01,2021,MIA,10,1,0,0,0
pozoyo01,2021,TEX,74,21,3,0,0
pressry01,2021,HOU,0,0,0,0,0
priceda01,2021,LAN,15,4,0,0,1
profaju01,2021,SDN,353,80,49,6,2
pruitau01,2021,HOU,0,0,0,0,0
pruitau01,2021,MIA,0,0,0,0,0
pujolal01,2021,LAA,86,17,3,3,0
pujolal01,2021,LAN,189,48,11,2,2
pukaj01,2021,OAK,0,0,0,0,0
quackke01,2021,LAN,0,0,0,0,0
quantca01,2021,CLE,2,1,0,0,0
quijajo01,2021,LAA,0,0,0,0,0
quinnro01,2021,PHI,52,9,6,4,0
quintjo01,2021,LAA,0,0,0,0,0
quintjo01,2021,SFN,1,1,1,0,0
raineta01,2021,WAS,0,0,0,0,0
raleica01,2021,SEA,139,25,7,1,1
raleybr01,2021,HOU,0,0,0,0,0
raleylu01,2021,LAN,66,12,2,4,0
ramirer02,2021,DET,0,0,0,0,0
ramirha02,2021,CLE,339,91,14,5,3
ramirjo01,2021,CLE,552,147,72,7,5
ramirni01,2021,SDN,3,0,0,0,0
ramirno01,2021,LAA,0,0,0,0,0
ramirno01,2021,ARI,0,0,0,0,0
ramirro02,2021,SLN,0,0,0,0,0
ramirye01,2021,LAN,1,0,0,0,0
ramiryo01,2021,SEA,0,0,0,0,0
ramosaj01,2021,LAA,0,0,0,0,0
ramoshe01,2021,ARI,50,10,4,0,1
ramoswi01,2021,DET,120,24,6,0,0
ramoswi01,2021,CLE,31,7,3,0,1
rasmudr01,2021,MIL,1,0,0,0,0
rasmudr01,2021,TBA,3,1,0,0,0
rayco01,2021,MIL,2,0,1,0,0
rayro02,2021,TOR,4,0,0,0,0
reaco01,2021,MIL,2,0,0,0,0
realmjt01,2021,PHI,476,125,48,11,2
reddijo01,2021,ARI,151,39,6,0,1
reedco01,2021,TBA,0,0,0,0,0
reedja02,2021,LAN,0,0,0,0,0
reedja02,2021,NYN,1,0,0,0,0
reetzja01,2021,WAS,2,1,0,0,0
refsnro01,2021,MIN,139,34,17,0,1
reidfse01,2021,NYN,0,0,2,0,0
reksza01,2021,LAN,10,0,0,0,0
rendoan01,2021,LAA,217,52,29,1,2
renfrhu01,2021,BOS,521,135,44,1,6
rengilu01,2021,LAA,174,35,9,2,2
reyesal02,2021,SLN,1,0,0,0,0
reyesfr01,2021,CLE,418,106,43,2,3
reyespa01,2021,MIL,78,20,9,0,0
reyesvi01,2021,DET,209,54,8,0,1
reynobr01,2021,PIT,559,169,75,8,4
richaga01,2021,BOS,5,1,0,0,0
richatr01,2021,TBA,0,0,0,0,0
richatr01,2021,MIL,0,0,1,0,0
richatr01,2021,TOR,0,0,0,0,0
riddljt01,2021,MIN,6,2,0,0,0
ridinst01,2021,NYA,0,0,0,0,0
rileyau01,2021,ATL,590,179,52,12,8
riosed01,2021,LAN,51,4,7,2,0
riosya01,2021,SEA,0,0,0,0,0
riosya01,2021,BOS,0,0,0,0,0
rivasal01,2021,CHN,44,14,4,1,0
rivaswe01,2021,SDN,68,15,8,0,0
riverem01,2021,KCA,90,23,8,0,0
riverre01,2021,CLE,55,13,4,1,0
riverre01,2021,WAS,14,3,0,1,0
riverse01,2021,KCA,40,7,3,1,0
rizzoan01,2021,CHN,323,80,36,14,3
rizzoan01,2021,NYA,173,43,16,9,2
roarkta01,2021,TOR,0,0,0,0,0
roberda08,2021,TBA,0,0,0,0,0
roberda10,2021,MIL,73,12,12,3,1
roberlu01,2021,CHA,275,93,14,5,2
robleha01,2021,MIN,0,0,0,0,0
robleha01,2021,BOS,0,0,0,0,0
roblevi01,2021,WAS,315,64,33,16,1
robsoja01,2021,DET,7,0,0,0,0
rodgebr02,2021,COL,387,110,19,7,2
rodonca01,2021,CHA,3,0,0,0,0
rodrich01,2021,LAA,0,0,0,0,0
rodried05,2021,BOS,6,0,0,0,0
rodrije01,2021,WAS,2,0,0,0,0
rodrijo04,2021,TEX,0,0,0,0,0
rodrijo04,2021,NYA,0,0,0,0,0
rodrima01,2021,CHN,1,0,0,0,0
rodrini01,2021,HOU,0,0,0,0,0
rodriri05,2021,PIT,0,0,0,0,0
rodriri05,2021,ATL,0,0,0,0,0
roech01,2021,TBA,0,0,0,0,0
rogerja03,2021,DET,113,27,11,0,0
rogerjo01,2021,WAS,12,0,1,0,0
rogerta01,2021,MIN,0,0,0,0,0
rogertr01,2021,MIA,43,3,1,0,0
rogerty01,2021,SFN,0,0,0,0,0
rojasjo01,2021,ARI,484,128,58,0,3
rojasjo02,2021,LAA,168,35,15,1,0
rojasmi02,2021,MIA,495,131,37,5,1
romanjo03,2021,TOR,0,0,0,0,0
romansa01,2021,CIN,2,0,0,0,0
romansa01,2021,NYA,0,0,0,0,0
romansa01,2021,MIL,0,0,0,0,0
romerjh01,2021,WAS,0,0,0,0,0
romerjo01,2021,PHI,0,0,0,0,0
rominan01,2021,CHN,60,11,4,0,0
rominau01,2021,CHN,60,13,2,0,0
romose01,2021,OAK,0,0,0,0,0
rondoan01,2021,SLN,0,0,0,0,0
rondojo02,2021,SLN,80,21,8,0,2
rookebr01,2021,MIN,189,38,15,9,0
rortvbe01,2021,MIN,89,15,6,1,0
rosaram01,2021,CLE,550,155,31,3,4
rosared01,2021,CLE,283,72,17,1,3
rosared01,2021,ATL,96,26,9,0,1
rosscza01,2021,COL,0,0,0,0,0
rossjo01,2021,WAS,32,8,1,1,0
rossora01,2021,PHI,0,0,0,0,0
rowenbe01,2021,LAA,0,0,0,0,0
ruckemi01,2021,CHN,1,0,0,0,0
rufda01,2021,SFN,262,71,46,3,1
ruizjo01,2021,CHA,1,0,0,0,0
ruizke01,2021,LAN,7,1,0,0,0
ruizke01,2021,WAS,81,23,6,2,0
ruizri01,2021,BAL,90,15,9,1,0
ruizri01,2021,COL,35,6,3,0,2
ryanjo04,2021,MIN,2,0,0,0,0
ryanky01,2021,CHN,2,0,0,0,0
ryuhy01,2021,TOR,4,0,0,0,0
sadleca02,2021,SEA,0,0,0,0,0
salech01,2021,BOS,1,0,0,0,0
sampsad01,2021,CHN,7,0,0,0,0
sanchaa01,2021,SFN,10,0,0,0,0
sanchad01,2021,WAS,35,9,3,0,0
sanchal04,2021,SLN,4,2,0,0,0
sanchcr01,2021,PHI,0,0,0,0,0
sanchga02,2021,NYA,383,78,52,5,0
sanchje02,2021,MIA,227,57,20,3,1
sanchmi01,2021,MIL,1,0,0,0,0
sandlni01,2021,CLE,0,0,0,0,0
sandopa01,2021,ATL,73,13,11,2,0
sandopa02,2021,LAA,4,1,0,0,0
sanmare01,2021,CIN,6,0,0,0,0
sanomi01,2021,MIN,470,105,59,2,1
santaan02,2021,BAL,406,98,23,4,4
santaca01,2021,KCA,565,121,86,3,5
santada01,2021,BOS,116,21,10,1,0
santade01,2021,LAN,2,0,0,0,0
santade01,2021,TEX,0,0,0,0,0
santaed01,2021,ATL,1,0,0,0,0
santaer01,2021,KCA,0,0,0,0,0
santihe01,2021,SEA,0,0,0,0,0
santito01,2021,CIN,7,1,0,0,0
santoan02,2021,COL,0,0,0,0,0
santogr01,2021,SFN,0,0,0,0,0
sauceta01,2021,TOR,0,0,0,0,0
sawamhi01,2021,BOS,0,0,0,0,0
sborzjo01,2021,TEX,1,0,0,0,0
sceroma01,2021,BAL,0,0,0,0,0
schebsc01,2021,LAA,34,5,0,0,0
scherma01,2021,WAS,35,0,0,0,0
scherma01,2021,LAN,24,0,0,0,1
schmicl01,2021,NYA,1,0,1,0,0
schoojo01,2021,DET,623,173,37,6,8
schrejo01,2021,BOS,0,0,0,0,0
schroma01,2021,CIN,125,36,8,0,1
schwaky01,2021,WAS,265,67,31,5,2
schwaky01,2021,BOS,134,39,33,1,0
schwifr01,2021,OAK,20,3,0,0,0
schwifr01,2021,CHN,222,76,16,1,0
scottta01,2021,BAL,0,0,0,0,0
scruban01,2021,HOU,0,0,0,0,0
seaboco01,2021,BOS,0,0,0,0,0
seageco01,2021,LAN,353,108,48,5,3
seageky01,2021,SEA,603,128,59,4,4
segurje01,2021,PHI,514,149,39,9,4
selmasa01,2021,SFN,1,0,0,0,0
selmasa01,2021,LAA,0,0,0,0,0
semiema01,2021,TOR,652,173,66,3,3
senzaan01,2021,COL,39,2,0,0,0
senzeni01,2021,CIN,111,28,12,0,1
severlu01,2021,NYA,0,0,0,0,0
severpe01,2021,BAL,379,94,34,1,5
sewalpa01,2021,SEA,0,0,0,0,0
shawbr01,2021,CLE,0,0,0,0,0
shawtr01,2021,MIL,178,34,19,3,1
shawtr01,2021,BOS,42,10,5,0,0
sheetga01,2021,CHA,160,40,16,2,1
sheffjo01,2021,COL,0,0,0,0,0
sheffju01,2021,SEA,2,1,0,0,0
sherfji01,2021,SFN,0,0,0,0,0
sherfji01,2021,LAN,1,0,0,0,0
sherrry01,2021,TBA,0,0,0,0,0
shoemma01,2021,MIN,0,0,0,0,0
shortza01,2021,DET,156,22,22,0,6
shrevch01,2021,PIT,0,0,0,0,0
sierrma01,2021,MIA,209,48,15,0,0
simmoan01,2021,MIN,412,92,32,3,1
simslu01,2021,CIN,2,0,0,0,0
singebr01,2021,KCA,0,0,0,0,0
sirijo01,2021,HOU,46,14,1,2,0
siscoch01,2021,BAL,65,10,6,2,0
siscoch01,2021,NYN,9,1,1,0,0
sittibr01,2021,ARI,0,0,0,0,0
skubata01,2021,DET,2,0,0,0,0
slateau01,2021,SFN,274,66,28,4,0
slegeaa01,2021,LAA,0,0,0,0,0
smeltde01,2021,MIN,0,0,0,0,0
smithbu03,2021,OAK,0,0,0,0,0
smithca03,2021,ARI,22,2,1,1,0
smithdo02,2021,NYN,446,109,32,9,6
smithdr01,2021,NYN,1,0,0,0,0
smithjo05,2021,HOU,0,0,0,0,0
smithjo05,2021,SEA,0,0,0,0,0
smithke04,2021,TBA,4,1,0,0,0
smithke04,2021,ATL,91,15,10,0,0
smithke05,2021,TOR,32,3,3,1,0
smithpa04,2021,ARI,498,133,42,4,1
smithri01,2021,ARI,16,0,0,0,0
smithwi04,2021,ATL,0,0,0,0,0
smithwi05,2021,LAN,414,107,58,18,11
smylydr01,2021,ATL,41,3,0,0,0
sneadki01,2021,TOR,0,0,0,0,0
snellbl01,2021,SDN,34,4,0,0,0
snydeni01,2021,TEX,0,0,0,0,0
sogarer01,2021,CHN,169,42,9,0,2
solakni01,2021,TEX,458,111,34,15,2
solando01,2021,SFN,307,86,25,7,4
solerjo01,2021,KCA,308,59,38,5,3
solerjo01,2021,ATL,208,56,29,1,2
solompe01,2021,HOU,0,0,0,0,0
soriajo01,2021,ARI,0,0,0,0,0
soriajo01,2021,TOR,0,0,0,0,0
sosaed01,2021,SLN,288,78,17,17,2
sotogr01,2021,DET,0,0,0,0,0
sotoju01,2021,WAS,502,157,145,2,5
souzast01,2021,LAN,33,5,2,1,0
speiega01,2021,KCA,0,0,0,0,0
spitzsh01,2021,PIT,0,0,0,0,0
springe01,2021,TOR,299,79,37,4,1
sprinje01,2021,TBA,0,0,0,0,0
stallja01,2021,PIT,374,92,49,2,2
stammcr01,2021,SDN,5,1,0,0,0
stanery01,2021,HOU,0,0,0,0,0
stantmi03,2021,NYA,510,139,63,3,3
stashco01,2021,MIN,0,0,0,0,0
stassma01,2021,LAA,282,68,28,8,1
staumjo01,2021,KCA,0,0,0,0,0
steckdr01,2021,SEA,0,0,0,0,0
steelju01,2021,CHN,13,2,0,0,0
stephro01,2021,COL,0,0,0,0,0
stephtr01,2021,CLE,0,0,0,0,0
stephty01,2021,CIN,350,100,41,6,5
stevean01,2021,WAS,192,44,13,5,1
stewadj01,2021,BAL,270,55,44,4,0
stewako01,2021,CHN,3,1,0,0,0
stievjo01,2021,CHA,0,0,0,0,0
stockro01,2021,CHN,2,0,0,0,0
stockro01,2021,NYN,2,0,0,0,0
stoketr01,2021,PIT,18,2,1,1,0
storytr01,2021,COL,526,132,53,11,5
strahma01,2021,SDN,0,0,0,0,0
strasst01,2021,WAS,5,1,1,0,0
stratch01,2021,PIT,2,0,0,0,0
strawmy01,2021,HOU,325,85,38,2,4
strawmy01,2021,CLE,239,68,29,0,0
strichu01,2021,TBA,0,0,0,0,0
strichu01,2021,LAA,0,0,0,0,0
strichu01,2021,MIL,2,0,0,0,0
stridsp01,2021,ATL,1,0,0,0,0
stripro01,2021,TOR,5,0,0,0,0
stromma01,2021,NYN,51,5,4,0,0
stroppe01,2021,CHN,0,0,0,0,0
stubbga01,2021,HOU,34,6,2,0,0
suareeu01,2021,CIN,505,100,56,8,5
suarejo01,2021,LAA,1,0,0,0,0
suarera01,2021,PHI,16,3,1,1,0
suerowa01,2021,WAS,1,0,0,0,0
sulseco01,2021,BAL,0,0,0,0,0
suterbr01,2021,MIL,4,0,0,0,0
suzukku01,2021,LAA,219,49,12,11,3
swansda01,2021,ATL,588,146,52,5,7
swanser01,2021,SEA,0,0,0,0,0
swarzan01,2021,ARI,0,0,0,0,0
swarzan01,2021,KCA,0,0,0,0,0
syndeno01,2021,NYN,0,0,0,0,0
szaputh01,2021,NYN,1,0,0,0,0
taillja01,2021,NYA,1,0,1,0,0
tapiado01,2021,SEA,0,0,0,0,0
tapiado01,2021,KCA,0,0,0,0,0
tapiara01,2021,COL,487,133,40,1,4
tarplst01,2021,NYN,0,0,0,0,0
tatedi01,2021,BAL,0,0,0,0,0
tatisfe02,2021,SDN,478,135,62,2,4
tauchmi01,2021,NYA,14,3,1,0,0
tauchmi01,2021,SFN,152,27,22,1,0
taverle01,2021,TEX,174,28,9,1,0
taylobl01,2021,HOU,0,0,0,0,0
tayloch03,2021,LAN,507,129,63,8,3
taylojo02,2021,BOS,0,0,0,0,0
taylomi02,2021,KCA,483,118,33,5,5
tayloty01,2021,MIL,243,60,20,7,1
teherju01,2021,DET,0,0,0,0,0
tejedan01,2021,TEX,16,1,1,0,0
tellero01,2021,TOR,139,29,9,3,0
tellero01,2021,MIL,158,43,14,1,1
teperry01,2021,CHN,0,0,0,0,0
teperry01,2021,CHA,0,0,0,0,0
terrycu01,2021,TEX,45,4,2,1,0
thaisma01,2021,LAA,7,1,1,0,0
thielca01,2021,MIN,0,0,0,0,0
thomadi01,2021,SEA,9,1,0,0,0
thomala02,2021,SLN,48,5,10,0,0
thomala02,2021,WAS,178,48,27,0,1
thompke02,2021,CHN,6,1,0,0,0
thompma02,2021,SDN,0,0,0,0,0
thompma02,2021,WAS,0,0,0,0,0
thompry02,2021,TBA,0,0,0,0,0
thomptr01,2021,CHN,28,7,7,0,0
thompza01,2021,MIA,15,2,0,0,0
thorntr01,2021,TOR,0,0,0,0,0
thorple01,2021,MIN,0,0,0,0,0
ticety01,2021,TOR,0,0,0,0,0
ticety01,2021,ATL,0,0,0,0,0
tinocje01,2021,COL,0,0,0,0,0
tomka01,2021,OAK,16,1,0,0,0
tomka01,2021,PIT,92,14,17,5,3
tomlijo01,2021,ATL,3,1,1,0,0
topaju01,2021,MIL,1,0,0,0,0
toroab01,2021,HOU,109,23,9,3,1
toroab01,2021,SEA,226,57,22,4,1
torregl01,2021,NYA,459,119,50,1,4
torrelu01,2021,SEA,346,84,28,1,3
torrero01,2021,PHI,318,77,19,1,1
toussto01,2021,ATL,15,0,2,0,0
tovarwi01,2021,NYN,11,2,1,0,0
trammta01,2021,SEA,156,25,17,3,0
treinbl01,2021,LAN,0,0,0,0,0
trejoal01,2021,COL,46,10,3,0,1
trevijo01,2021,TEX,285,68,12,0,3
trivilo01,2021,OAK,0,0,0,0,0
trompch01,2021,SFN,18,4,0,0,0
tropeni01,2021,SFN,0,0,0,0,0
tropeni01,2021,NYN,1,0,0,0,0
troutmi01,2021,LAA,117,39,27,2,0
tsutsyo01,2021,TBA,78,13,8,0,0
tsutsyo01,2021,LAN,25,3,6,0,0
tsutsyo01,2021,PIT,127,34,15,1,1
tuckeco01,2021,PIT,117,26,13,0,1
tuckeky01,2021,HOU,506,149,53,1,5
turnbsp01,2021,DET,0,0,0,0,0
turneju01,2021,LAN,533,148,61,12,6
turnetr01,2021,WAS,388,125,26,4,2
turnetr01,2021,LAN,207,70,15,2,2
tylerky01,2021,LAA,0,0,0,0,0
ucetaed01,2021,LAN,5,1,0,0,0
underdu01,2021,PIT,4,0,0,0,0
uptonju01,2021,LAA,318,67,39,1,3
urenajo01,2021,DET,1,0,0,0,0
uriasju01,2021,LAN,59,12,0,1,0
uriaslu01,2021,MIL,490,122,63,10,3
uriasra01,2021,BAL,262,73,28,6,0
urquijo01,2021,HOU,4,1,0,0,0
urshegi01,2021,NYA,420,112,20,1,1
valaipa01,2021,BAL,259,52,16,2,3
valdece01,2021,BAL,0,0,0,0,0
valdefr01,2021,HOU,4,0,0,0,0
valdeph01,2021,BOS,0,0,0,0,0
valerbr01,2021,TOR,87,22,8,0,1
vanmejo01,2021,ARI,274,58,33,1,2
vargail01,2021,CHN,21,3,3,0,0
vargail01,2021,PIT,13,1,0,0,0
vargail01,2021,ARI,43,8,3,0,0
varshda01,2021,ARI,284,70,30,0,0
vasquan02,2021,LAN,0,0,0,0,0
vaughan01,2021,CHA,417,98,41,6,5
vazquch01,2021,BOS,458,118,33,2,4
velasvi01,2021,PHI,22,2,1,0,0
velasvi01,2021,SDN,1,0,1,0,0
velazan01,2021,NYA,67,15,1,0,0
verdual01,2021,BOS,544,157,51,4,5
vesiaal01,2021,LAN,3,0,1,0,0
vestwi01,2021,SEA,0,0,0,0,0
vierlma01,2021,PHI,71,23,4,1,1
viladry01,2021,COL,6,0,1,0,0
villajo01,2021,NYN,454,113,46,3,0
vinceni01,2021,MIN,0,0,0,0,0
vogelda01,2021,MIL,215,47,43,0,0
vogtst01,2021,ARI,132,28,18,0,0
vogtst01,2021,ATL,78,13,8,0,1
voitlu01,2021,NYA,213,51,21,7,0
vosleja01,2021,SFN,73,13,7,1,1
vothau01,2021,WAS,2,1,0,1,0
vottojo01,2021,CIN,448,119,77,4,4
wachami01,2021,TBA,3,0,0,0,0
waddebr01,2021,MIN,0,0,0,0,0
waddebr01,2021,BAL,0,0,0,0,0
waddebr01,2021,SLN,1,0,0,0,0
wadeko01,2021,BAL,0,0,0,0,0
wadela01,2021,SFN,336,85,33,5,3
wadety01,2021,NYA,127,34,16,1,0
wainwad01,2021,SLN,57,7,3,0,0
walkech02,2021,ARI,401,98,38,4,2
walketa01,2021,NYN,47,5,1,1,0
wallach01,2021,MIA,60,12,3,1,2
wallsta01,2021,TBA,152,32,23,0,0
walshja01,2021,LAA,530,147,48,4,3
waltodo01,2021,SEA,63,13,4,0,0
wantzan01,2021,LAA,0,0,0,0,0
wardta01,2021,LAA,208,52,20,6,1
warrear01,2021,CIN,0,0,0,0,0
warreau01,2021,LAA,0,0,0,0,0
watkisp01,2021,BAL,0,0,0,0,0
watsoto01,2021,LAA,1,0,0,0,0
watsoto01,2021,SFN,0,0,0,0,0
weathry01,2021,SDN,27,4,1,0,0
weavelu01,2021,ARI,19,2,1,0,0
webbja01,2021,ATL,2,0,0,0,0
webblo01,2021,SFN,46,6,2,0,0
webbty01,2021,SLN,1,0,0,0,0
weberry01,2021,BOS,0,0,0,0,0
weberry01,2021,MIL,0,0,0,0,0
weberry01,2021,SEA,0,0,0,0,0
weemsjo01,2021,OAK,0,0,0,0,0
weemsjo01,2021,ARI,0,0,0,0,0
weigepa01,2021,MIL,0,0,0,0,0
welkeco01,2021,COL,37,7,3,0,0
wellsal01,2021,BAL,0,0,0,0,0
wellsty01,2021,BAL,0,0,0,0,0
wendejb01,2021,OAK,0,0,0,0,0
wendejb01,2021,ARI,0,0,0,0,0
wendljo01,2021,TBA,460,122,28,10,3
wheelza01,2021,PHI,68,11,0,0,0
whiteel04,2021,TEX,198,35,18,4,0
whiteev01,2021,SEA,97,14,6,1,0
whitemi03,2021,LAN,15,0,1,0,0
whitlga01,2021,BOS,2,1,0,0,0
whitlko01,2021,SLN,0,0,0,0,0
wickro01,2021,CHN,0,0,0,0,0
widenta01,2021,ARI,16,1,1,0,0
wieckbr01,2021,CHN,0,0,0,0,0
wilkest01,2021,BAL,72,12,3,1,0
willide03,2021,MIL,0,0,0,0,0
williju02,2021,SLN,119,19,17,1,0
willilu01,2021,PHI,98,24,10,0,0
willima07,2021,NYN,33,7,4,0,0
willini01,2021,CHA,10,0,1,2,0
willita01,2021,SDN,0,0,0,0,0
willita01,2021,MIA,0,0,0,0,0
willitr01,2021,CHN,18,4,1,0,0
willitr01,2021,NYN,7,1,0,0,0
wilsobr02,2021,ATL,12,1,0,1,0
wilsobr02,2021,PIT,9,0,0,0,0
wilsoco01,2021,WAS,1,0,0,0,0
wilsoja03,2021,OAK,7,1,0,0,0
wilsoja03,2021,HOU,13,2,1,0,0
wilsoju10,2021,NYA,0,0,0,0,0
wilsoju10,2021,CIN,0,0,0,0,0
winkeje01,2021,CIN,423,129,53,9,0
winklda01,2021,CHN,1,0,0,0,0
wisdopa01,2021,CHN,338,78,32,4,0
wislema01,2021,SFN,1,0,0,0,0
wislema01,2021,TBA,0,0,0,0,0
wittgni01,2021,CLE,0,0,0,0,0
wojcias01,2021,NYA,0,0,0,0,0
wolteto01,2021,CHN,24,3,5,0,0
wongco01,2021,BOS,13,4,1,0,0
wongke01,2021,LAA,60,10,2,0,0
wongko01,2021,MIL,445,121,31,13,3
woodal02,2021,SFN,38,0,5,0,0
woodfja01,2021,SLN,18,2,0,0,0
woodhu01,2021,TEX,0,0,0,0,0
woodrbr01,2021,MIL,52,6,3,0,0
workmbr01,2021,CHN,0,0,0,0,0
workmbr01,2021,BOS,0,0,0,0,0
wrighky01,2021,ATL,3,1,0,0,0
wrighmi01,2021,CHA,0,0,0,0,0
wynnsau01,2021,BAL,130,24,8,0,0
yajurmi01,2021,PIT,3,0,0,0,0
yamamjo01,2021,NYN,2,1,0,0,0
yanghy01,2021,TEX,0,0,0,0,0
yarbrry01,2021,TBA,4,0,0,0,0
yardler01,2021,MIL,0,0,0,0,0
yastrmi01,2021,SFN,468,105,51,9,3
yelicch01,2021,MIL,399,99,70,3,3
ynoahu01,2021,ATL,32,7,0,0,0
youngal01,2021,ARI,4,0,0,0,0
youngal01,2021,CLE,0,0,0,0,0
youngan02,2021,ARI,91,19,6,6,1
zamorda01,2021,SEA,0,0,0,0,0
zavalse01,2021,CHA,93,17,6,1,0
zerpaan01,2021,KCA,0,0,0,0,0
zeuchtj01,2021,TOR,0,0,0,0,0
zimmebr01,2021,CLE,299,68,30,15,4
zimmebr02,2021,BAL,4,0,0,0,0
zimmejo02,2021,MIL,1,0,0,0,0
zimmeky01,2021,KCA,0,0,0,0,0
zimmery01,2021,WAS,255,62,16,0,2
zuberty01,2021,KCA,1,0,0,0,0
zuninmi01,2021,TBA,333,72,34,7,1
